{"cameraMode":{"drawMode":0,"name":"Shaded","section":"Shading Mode"},"sceneLighting":false,"audioPlay":false,"sceneViewState":{"showFog":true,"showMaterialUpdate":true,"showSkybox":true,"showFlares":true,"showImageEffects":true,"showParticleSystems":true},"in2DMode":false,"pivot":{"x":-22.36737632751465,"y":-1.3522262573242188,"z":-34.82691192626953},"rotation":{"x":0.02030239813029766,"y":0.9634859561920166,"z":-0.2558029294013977,"w":0.07646946609020233},"size":7.361484527587891,"orthographic":false}