{"cameraMode":{"drawMode":0,"name":"Shaded","section":"Shading Mode"},"sceneLighting":true,"audioPlay":false,"sceneViewState":{"showFog":true,"showMaterialUpdate":true,"showSkybox":true,"showFlares":true,"showImageEffects":true,"showParticleSystems":true},"in2DMode":false,"pivot":{"x":0.7820000648498535,"y":-0.21799981594085694,"z":-0.7820000052452087},"rotation":{"x":0.03909296914935112,"y":0.10174774378538132,"z":-0.0040015242993831638,"w":0.9940338134765625},"size":4.760695457458496,"orthographic":false}