{"cameraMode":{"drawMode":0,"name":"Shaded","section":"Shading Mode"},"sceneLighting":false,"audioPlay":false,"sceneViewState":{"showFog":true,"showMaterialUpdate":true,"showSkybox":true,"showFlares":true,"showImageEffects":true,"showParticleSystems":true},"in2DMode":false,"pivot":{"x":-21.147167205810548,"y":-0.7389163970947266,"z":-56.39371871948242},"rotation":{"x":0.27314361929893496,"y":-0.04009572044014931,"z":0.011395643465220929,"w":0.9610697627067566},"size":7.229653835296631,"orthographic":false}