{"cameraMode":{"drawMode":0,"name":"Shaded","section":"Shading Mode"},"sceneLighting":false,"audioPlay":false,"sceneViewState":{"showFog":true,"showMaterialUpdate":true,"showSkybox":true,"showFlares":true,"showImageEffects":true,"showParticleSystems":true},"in2DMode":false,"pivot":{"x":-29.433744430541993,"y":5.250397205352783,"z":-56.98908996582031},"rotation":{"x":0.23441623151302339,"y":0.3386242687702179,"z":-0.08751396089792252,"w":0.9070413112640381},"size":8.959203720092774,"orthographic":false}