{"cameraMode":{"drawMode":0,"name":"Shaded","section":"Shading Mode"},"sceneLighting":true,"audioPlay":false,"sceneViewState":{"showFog":true,"showMaterialUpdate":true,"showSkybox":true,"showFlares":true,"showImageEffects":true,"showParticleSystems":true},"in2DMode":false,"pivot":{"x":274.2789611816406,"y":302.128173828125,"z":80.24081420898438},"rotation":{"x":0.2886309027671814,"y":-0.009188526310026646,"z":0.0027700921054929497,"w":0.9573923349380493},"size":412.6961975097656,"orthographic":false}