{"cameraMode":{"drawMode":0,"name":"Shaded","section":"Shading Mode"},"sceneLighting":false,"audioPlay":false,"sceneViewState":{"showFog":true,"showMaterialUpdate":true,"showSkybox":true,"showFlares":true,"showImageEffects":true,"showParticleSystems":true},"in2DMode":false,"pivot":{"x":-0.2753448486328125,"y":0.5,"z":-4.759555816650391},"rotation":{"x":0.05843334645032883,"y":0.033834803849458697,"z":-0.0019818348810076715,"w":0.9977158308029175},"size":27.682132720947267,"orthographic":false}