{"cameraMode":{"drawMode":0,"name":"Shaded","section":"Shading Mode"},"sceneLighting":false,"audioPlay":false,"sceneViewState":{"showFog":true,"showMaterialUpdate":true,"showSkybox":true,"showFlares":true,"showImageEffects":true,"showParticleSystems":true},"in2DMode":false,"pivot":{"x":-9.239999771118164,"y":1.5900001525878907,"z":-17.8700008392334},"rotation":{"x":0.18611302971839906,"y":-0.005892211105674505,"z":0.0011160491267219186,"w":0.9825100898742676},"size":5.7157673835754398,"orthographic":false}