{"cameraMode":{"drawMode":0,"name":"Shaded","section":"Shading Mode"},"sceneLighting":false,"audioPlay":false,"sceneViewState":{"showFog":true,"showMaterialUpdate":true,"showSkybox":true,"showFlares":true,"showImageEffects":true,"showParticleSystems":true},"in2DMode":false,"pivot":{"x":-30.579364776611329,"y":1.3397220373153687,"z":-63.336204528808597},"rotation":{"x":0.35867294669151308,"y":-0.016517749056220056,"z":0.006347879767417908,"w":0.9332955479621887},"size":6.338832378387451,"orthographic":false}