{"cameraMode":{"drawMode":0,"name":"Shaded","section":"Shading Mode"},"sceneLighting":false,"audioPlay":false,"sceneViewState":{"showFog":true,"showMaterialUpdate":true,"showSkybox":true,"showFlares":true,"showImageEffects":true,"showParticleSystems":true},"in2DMode":false,"pivot":{"x":-10.441427230834961,"y":-1.4802513122558594,"z":-18.525127410888673},"rotation":{"x":-0.08646537363529206,"y":-0.8762556910514832,"z":0.17144080996513368,"w":-0.4419364035129547},"size":33.878509521484378,"orthographic":false}