{"cameraMode":{"drawMode":0,"name":"Shaded","section":"Shading Mode"},"sceneLighting":false,"audioPlay":false,"sceneViewState":{"showFog":true,"showMaterialUpdate":true,"showSkybox":true,"showFlares":true,"showImageEffects":true,"showParticleSystems":true},"in2DMode":false,"pivot":{"x":-2.027132034301758,"y":0.6458590030670166,"z":0.6781048774719238},"rotation":{"x":0.17765212059020997,"y":0.3475092649459839,"z":-0.06723324954509735,"w":0.918235719203949},"size":10.227753639221192,"orthographic":false}