{"cameraMode":{"drawMode":0,"name":"Shaded","section":"Shading Mode"},"sceneLighting":false,"audioPlay":false,"sceneViewState":{"showFog":true,"showMaterialUpdate":true,"showSkybox":true,"showFlares":true,"showImageEffects":true,"showParticleSystems":true},"in2DMode":false,"pivot":{"x":-4.6193599700927737e-7,"y":0.9099998474121094,"z":0.33600157499313357},"rotation":{"x":0.07672642916440964,"y":0.016744451597332956,"z":-0.0012887382181361318,"w":0.9969107508659363},"size":23.680194854736329,"orthographic":false}