{"cameraMode":{"drawMode":0,"name":"Shaded","section":"Shading Mode"},"sceneLighting":false,"audioPlay":false,"sceneViewState":{"showFog":true,"showMaterialUpdate":true,"showSkybox":true,"showFlares":true,"showImageEffects":true,"showParticleSystems":true},"in2DMode":false,"pivot":{"x":-9.239999771118164,"y":1.5900001525878907,"z":-17.8700008392334},"rotation":{"x":-0.0012590537080541254,"y":-0.9966230988502502,"z":0.08061330020427704,"w":-0.015566285699605942},"size":7.226977825164795,"orthographic":false}