{"cameraMode":{"drawMode":0,"name":"Shaded","section":"Shading Mode"},"sceneLighting":true,"audioPlay":false,"sceneViewState":{"showFog":true,"showMaterialUpdate":true,"showSkybox":true,"showFlares":true,"showImageEffects":true,"showParticleSystems":true},"in2DMode":false,"pivot":{"x":-28.27739715576172,"y":-2.0068790912628176,"z":-47.92362594604492},"rotation":{"x":0.14064280688762666,"y":0.48870083689689639,"z":-0.08017298579216004,"w":0.8573001027107239},"size":10.664180755615235,"orthographic":false}