{"cameraMode":{"drawMode":0,"name":"Shaded","section":"Shading Mode"},"sceneLighting":false,"audioPlay":false,"sceneViewState":{"showFog":true,"showMaterialUpdate":true,"showSkybox":true,"showFlares":true,"showImageEffects":true,"showParticleSystems":true},"in2DMode":false,"pivot":{"x":-22.17158317565918,"y":1.0475189685821534,"z":-32.5825080871582},"rotation":{"x":0.05815327912569046,"y":0.9417946934700012,"z":-0.22898654639720918,"w":0.2391779124736786},"size":5.929446697235107,"orthographic":false}