{"cameraMode":{"drawMode":0,"name":"Shaded","section":"Shading Mode"},"sceneLighting":true,"audioPlay":false,"sceneViewState":{"showFog":true,"showMaterialUpdate":true,"showSkybox":true,"showFlares":true,"showImageEffects":true,"showParticleSystems":true},"in2DMode":false,"pivot":{"x":-8.149024963378907,"y":1.4242703914642335,"z":-17.157928466796876},"rotation":{"x":0.18611302971839906,"y":-0.005892211105674505,"z":0.0011160491267219186,"w":0.9825100898742676},"size":4.877286434173584,"orthographic":false}