{"cameraMode":{"drawMode":0,"name":"Shaded","section":"Shading Mode"},"sceneLighting":false,"audioPlay":false,"sceneViewState":{"showFog":true,"showMaterialUpdate":true,"showSkybox":true,"showFlares":true,"showImageEffects":true,"showParticleSystems":true},"in2DMode":false,"pivot":{"x":-9.739999771118164,"y":1.690000057220459,"z":-18.09000015258789},"rotation":{"x":0.05238719284534454,"y":-0.9466152191162109,"z":0.20147758722305299,"w":0.24613414704799653},"size":0.00005543319639400579,"orthographic":false}