{"cameraMode":{"drawMode":0,"name":"Shaded","section":"Shading Mode"},"sceneLighting":false,"audioPlay":false,"sceneViewState":{"showFog":true,"showMaterialUpdate":true,"showSkybox":true,"showFlares":true,"showImageEffects":true,"showParticleSystems":true},"in2DMode":false,"pivot":{"x":-4.703656196594238,"y":2.125131130218506,"z":3.3322365283966066},"rotation":{"x":0.07672642916440964,"y":0.016744451597332956,"z":-0.0012887382181361318,"w":0.9969107508659363},"size":4.24523401260376,"orthographic":false}