{"cameraMode":{"drawMode":0,"name":"Shaded","section":"Shading Mode"},"sceneLighting":false,"audioPlay":false,"sceneViewState":{"showFog":true,"showMaterialUpdate":true,"showSkybox":true,"showFlares":true,"showImageEffects":true,"showParticleSystems":true},"in2DMode":false,"pivot":{"x":-29.29499626159668,"y":1.3397220373153687,"z":-59.70073699951172},"rotation":{"x":0.35867294669151308,"y":-0.016517749056220056,"z":0.006347879767417908,"w":0.9332955479621887},"size":6.038833141326904,"orthographic":false}